chain,contract
ethereum,0xb48Eb8368c9C6e9b0734de1Ef4ceB9f484B80b9C
solana,7UN8WkBumTUCofVPXCPjNWQ6msQhzrg9tFQRP48Nmw5V
solana,6f8deE148nynnSiWshA9vLydEbJGpDeKh5G4PRgjmzG7
pulsechain,0x94534EeEe131840b1c0F61847c572228bdfDDE93
ethereum,0x4DCDa2274899d9BbA3Bb6f5A852C107Dd6E4fE1c
pulsechain,0x1f828fc55472Ff3a343F86FAcffafcb0Cb7772a0
ethereum,0x98134cde70ff7280bb4b9f4eba2154009f2c13ac
ethereum,0x36ff4DaE0E88113D68B1209e245B0e3Af92E9D58
ethereum,0xb5F6F05BC86a9D62F7165F606dc149c4c5F04ED1
polygon,0xb94AF0bb84b2AD43e61D8daF70F323290CD49fBd
solana,FCzioYCxRXWbFAoG1pBmAsWXnEFdLLs5znH2azwjJ2fY